{
    "preprocessing": {
        "mean": [
            0.0696220491873193,
            0.1913936942683352,
            21.025839755573823,
            1506.5913633534535,
            0.06553402084812114,
            0.19491984795372894,
            20.58341298229294,
            1513.1884788227305,
            0.06848231027402765,
            0.19254078404408742,
            18.73020749924484,
            1252.748208048782
        ],
        "stdev": [
            0.10833913301661074,
            0.15850230974591953,
            16.199081709967906,
            2001.5548649635857,
            0.10801446578262344,
            0.16184315507776387,
            16.033822408019766,
            2075.46693107701,
            0.10995995187191385,
            0.15884426098348456,
            14.280276653020245,
            1784.587491186519
        ]
    }
}